{
	"656141440749142036": {
		"name": "admin",
		"surname": "admin",
		"point": 49800,
		"pointall": 50000
	},
	"799669121771634748": {
		"name": "luxz",
		"surname": "lxz",
		"point": 0,
		"pointall": 0
	},
	"805983087283404820": {
		"name": "Highdes",
		"surname": "คนหล่อ",
		"point": 0,
		"pointall": 0
	},
	"956124549181751366": {
		"name": "Highsen",
		"surname": "VHL",
		"point": 0,
		"pointall": 0
	},
	"728187973325160568": {
		"name": "บอย",
		"surname": "จันทร์จิรา",
		"point": 0,
		"pointall": 0
	},
	"833518007522689065": {
		"name": "เนม",
		"surname": "จันทร์โอชา",
		"point": 0,
		"pointall": 0
	},
	"644089232201351169": {
		"name": "Pongpaeng",
		"surname": "Warmest",
		"point": 0,
		"pointall": 0
	},
	"659351030664003604": {
		"name": "สำรวย",
		"surname": "ขายหรรม",
		"point": 0,
		"pointall": 0
	},
	"426578078874206229": {
		"name": "กิตตินันท์",
		"surname": "กำลังหาญ",
		"point": 0,
		"pointall": 0
	},
	"963406890484776962": {
		"name": "Hugh",
		"surname": "Thugs",
		"point": 0,
		"pointall": 0
	},
	"937059414291140628": {
		"name": "น้องพี่เบส",
		"surname": "SSR",
		"point": 0,
		"pointall": 0
	},
	"772001113263046717": {
		"name": "สำลี",
		"surname": "ศรีจันทร์",
		"point": 0,
		"pointall": 0
	},
	"807140525315588106": {
		"name": "Steve",
		"surname": "Rogers",
		"point": 0,
		"pointall": 0
	},
	"958826963429105714": {
		"name": "เบส",
		"surname": "ขอไม่บอก",
		"point": 0,
		"pointall": 0
	},
	"956596407748415558": {
		"name": "NON",
		"surname": "xxxx",
		"point": 0,
		"pointall": 0
	},
	"897843056882090004": {
		"name": "none",
		"surname": "Hades",
		"point": 0,
		"pointall": 0
	},
	"778180857130254357": {
		"name": "จูดัส",
		"surname": "เรียล",
		"point": 0,
		"pointall": 0
	},
	"682596000367771708": {
		"name": "Sathong",
		"surname": "monpong",
		"point": 0,
		"pointall": 0
	},
	"844217620920139826": {
		"name": "Sxnumz",
		"surname": "Royalking",
		"point": 0,
		"pointall": 0
	},
	"912714341801951323": {
		"name": "asfaf",
		"surname": "asfasf",
		"point": 0,
		"pointall": 0
	},
	"876293554106941471": {
		"name": "พรชัย",
		"surname": "กอนซาเลซ",
		"point": 0,
		"pointall": 0
	},
	"708888617996517386": {
		"name": "Tot",
		"surname": "Sander",
		"point": 0,
		"pointall": 0
	},
	"916334301749084260": {
		"name": "หี",
		"surname": "หี",
		"point": 0,
		"pointall": 0
	},
	"721371784498118687": {
		"name": "มาลี",
		"surname": "ศรีอาทิตย์",
		"point": 0,
		"pointall": 0
	},
	"787901581424328704": {
		"name": " Ploy",
		"surname": "Z",
		"point": 0,
		"pointall": 0
	},
	"880710970924736562": {
		"name": "Kanyapat",
		"surname": "phuangphet",
		"point": 0,
		"pointall": 0
	},
	"917741794660331542": {
		"name": "hell",
		"surname": "boy",
		"point": 0,
		"pointall": 0
	},
	"821596180605566976": {
		"name": "tymo",
		"surname": "tymo",
		"point": 0,
		"pointall": 0
	},
	"765221348570038312": {
		"name": "ธนัท",
		"surname": "แก้มส่ง",
		"point": 0,
		"pointall": 0
	}
}